ID,Unit,Shelf,Pos (L to R),Title,Author / Editor,Publisher / Series,Language,Type,Photo #,Photo file(s),Left neighbor,Right neighbor,Status,Confidence,Notes,Genre,Year,YearParsed,Description,Shelf description,sort_title
A-A1-01,A,A1,1,(hidden) thin dark spine behind the framed photo,,,,?,41,1000050041.jpg,(shelf start),Art = (The Metropolitan Museum of Art),Unreadable,Low,Move the frame to read it.,Unidentified,,,,Top shelf of the light-wood unit by the window. A framed photo leans at the left end.,
A-A1-02,A,A1,2,Art = (The Metropolitan Museum of Art),The Metropolitan Museum of Art,Phaidon,EN,Art,41,1000050041.jpg,(hidden) thin dark spine behind the framed photo,Introduction to Algorithms,OK,High,"Purple slipcase, tallest book on the shelf.",Art & visual culture,2020,2020,"A keyword-organized survey of about 800 works from the museum, arranged by concept rather than period.",Top shelf of the light-wood unit by the window. A framed photo leans at the left end.,
A-A1-03,A,A1,3,Introduction to Algorithms,"Cormen, Leiserson, Rivest & Stein",MIT Press,EN,Textbook,41,1000050041.jpg,Art = (The Metropolitan Museum of Art),Structure and Interpretation of Computer Programs,OK,High,,"Math, CS & engineering",2009 (3rd ed.),2009,,Top shelf of the light-wood unit by the window. A framed photo leans at the left end.,
A-A1-04,A,A1,4,Structure and Interpretation of Computer Programs,Abelson & Sussman,MIT Press,EN,Textbook,41,1000050041.jpg,Introduction to Algorithms,"Compilers: Principles, Techniques, and Tools",OK,High,,"Math, CS & engineering",1996 (2nd ed.),1996,,Top shelf of the light-wood unit by the window. A framed photo leans at the left end.,
A-A1-05,A,A1,5,"Compilers: Principles, Techniques, and Tools","Aho, Lam, Sethi & Ullman",Pearson,EN,Textbook,41,1000050041.jpg,Structure and Interpretation of Computer Programs,Speech and Language Processing,OK,High,The dragon book.,"Math, CS & engineering",2006 (2nd ed.),2006,,Top shelf of the light-wood unit by the window. A framed photo leans at the left end.,
A-A1-06,A,A1,6,Speech and Language Processing,Jurafsky & Martin,Pearson,EN,Textbook,41,1000050041.jpg,"Compilers: Principles, Techniques, and Tools","Gödel, Escher, Bach",OK,High,,"Math, CS & engineering",2009 (2nd ed.),2009,,Top shelf of the light-wood unit by the window. A framed photo leans at the left end.,
A-A1-07,A,A1,7,"Gödel, Escher, Bach",Douglas R. Hofstadter,Basic Books,EN,Nonfiction,41,1000050041.jpg,Speech and Language Processing,A Dictionary of Basic Japanese Grammar,OK,High,,"Math, CS & engineering",1979,1979,,Top shelf of the light-wood unit by the window. A framed photo leans at the left end.,
A-A1-08,A,A1,8,A Dictionary of Basic Japanese Grammar,Makino & Tsutsui,The Japan Times,EN/JA,Reference,41,1000050041.jpg,"Gödel, Escher, Bach","(blank) tall black book, no visible spine text",OK,High,,Language study & reference,1986,1986,,Top shelf of the light-wood unit by the window. A framed photo leans at the left end.,
A-A1-09,A,A1,9,"(blank) tall black book, no visible spine text",,,,?,41,1000050041.jpg,A Dictionary of Basic Japanese Grammar,Understanding Comics,Unreadable,Low,Could be a binder.,Unidentified,,,,Top shelf of the light-wood unit by the window. A framed photo leans at the left end.,
A-A1-10,A,A1,10,Understanding Comics,Scott McCloud,HarperPerennial,EN,Comics,41,1000050041.jpg,"(blank) tall black book, no visible spine text",(not a book) framed photo and honor cords at the right end,OK,High,,Manga & comics,1993,1993,,Top shelf of the light-wood unit by the window. A framed photo leans at the left end.,
A-A1-11,A,A1,11,(not a book) framed photo and honor cords at the right end,,,,Other,41,1000050041.jpg,Understanding Comics,(shelf end),Not a book,High,,Games & other objects,,,,Top shelf of the light-wood unit by the window. A framed photo leans at the left end.,
A-A2-01,A,A2,1,Critique of Pure Reason,Immanuel Kant,Cambridge,EN,Philosophy,42,1000050042.jpg,(shelf start),Kritik der reinen Vernunft,OK,High,,Philosophy & political theory,1781,1781,,"Second shelf of the same unit, below A1.",
A-A2-02,A,A2,2,Kritik der reinen Vernunft,Immanuel Kant,Suhrkamp,DE,Philosophy,42,1000050042.jpg,Critique of Pure Reason,Sein und Zeit,OK,High,,Philosophy & political theory,1781,1781,,"Second shelf of the same unit, below A1.",
A-A2-03,A,A2,3,Sein und Zeit,Martin Heidegger,Niemeyer,DE,Philosophy,42,1000050042.jpg,Kritik der reinen Vernunft,Also sprach Zarathustra,OK,High,,Philosophy & political theory,1927,1927,,"Second shelf of the same unit, below A1.",
A-A2-04,A,A2,4,Also sprach Zarathustra,Friedrich Nietzsche,Reclam,DE,Philosophy,42,1000050042.jpg,Sein und Zeit,Ethics,OK,High,,Philosophy & political theory,1883,1883,,"Second shelf of the same unit, below A1.",
A-A2-05,A,A2,5,Ethics,Baruch Spinoza,Penguin Classics,EN,Philosophy,42,1000050042.jpg,Also sprach Zarathustra,Meditations,OK,High,,Philosophy & political theory,1677,1677,,"Second shelf of the same unit, below A1.",
A-A2-06,A,A2,5,Meditations,Marcus Aurelius,Penguin Classics,EN,Philosophy,42,1000050042.jpg,Ethics,Consolation of Philosophy,OK,High,,Philosophy & political theory,"c. 170 AD, Penguin ed.",,,"Second shelf of the same unit, below A1.",
A-A2-07,A,A2,7,Consolation of Philosophy,Boethius,Penguin Classics,EN,Philosophy,42,1000050042.jpg,Meditations,Duineser Elegien,OK,High,,Philosophy & political theory,"c. 524, Penguin ed.",,,"Second shelf of the same unit, below A1.",
A-A2-08,A,A2,8,Duineser Elegien,Rainer Maria Rilke,Insel,DE,Poetry,42,1000050042.jpg,Consolation of Philosophy,Gedichte,OK,Medium,"Thin spine, title read from the cover.",Literature (English & European),1923,1923,,"Second shelf of the same unit, below A1.",
A-A2-09,A,A2,9,Gedichte,Friedrich Hölderlin,Reclam,DE,Poetry,42,1000050042.jpg,Duineser Elegien,(shelf end),OK,High,,Literature (English & European),reprint,,,"Second shelf of the same unit, below A1.",
B-B1-01,B,B1,1,Pride and Prejudice,Jane Austen,Penguin Classics,EN,Fiction,43,1000050043.jpg,(shelf start),Moby-Dick,OK,High,Library label PR4034.,Literature (English & European),1813,1813,,"Dark cherry bookcase, upper shelf. Several library call-number labels.",
B-B1-02,B,B1,2,Moby-Dick,Herman Melville,Norton Critical,EN,Fiction,43,1000050043.jpg,Pride and Prejudice,Mrs Dalloway,OK,High,,Literature (English & European),1851,1851,,"Dark cherry bookcase, upper shelf. Several library call-number labels.",
B-B1-03,B,B1,3,Mrs Dalloway,Virginia Woolf,Harcourt,EN,Fiction,43,1000050043.jpg,Moby-Dick,Beloved,OK,High,,Literature (English & European),1925,1925,,"Dark cherry bookcase, upper shelf. Several library call-number labels.",
B-B1-04,B,B1,4,Beloved,Toni Morrison,Vintage,EN,Fiction,43,1000050043.jpg,Mrs Dalloway,Invisible Cities,OK,High,,Literature (English & European),1987,1987,,"Dark cherry bookcase, upper shelf. Several library call-number labels.",
B-B1-05,B,B1,5,Invisible Cities,Italo Calvino,Harvest,EN,Fiction,43,1000050043.jpg,Beloved,The Rising Sun,OK,High,,Literature (English & European),1972,1972,,"Dark cherry bookcase, upper shelf. Several library call-number labels.",
B-B1-06,B,B1,6,The Rising Sun,John Toland,Modern Library,EN,History,43,1000050043.jpg,Invisible Cities,Sapiens: A Brief History of Humankind,OK,High,Call number D767.,History & biography,1970,1970,,"Dark cherry bookcase, upper shelf. Several library call-number labels.",
B-B1-07,B,B1,7,Sapiens: A Brief History of Humankind,Yuval Noah Harari,Harper,EN,History,43,1000050043.jpg,The Rising Sun,Số đỏ,OK,High,,History & biography,2011,2011,,"Dark cherry bookcase, upper shelf. Several library call-number labels.",
B-B1-08,B,B1,8,Số đỏ,Vũ Trọng Phụng,Nhà xuất bản Văn học,VI,Fiction,43,1000050043.jpg,Sapiens: A Brief History of Humankind,Truyện Kiều,OK,High,,Literature (English & European),1936,1936,,"Dark cherry bookcase, upper shelf. Several library call-number labels.",
B-B1-09,B,B1,9,Truyện Kiều,Nguyễn Du,Nhà xuất bản Văn học,VI,Poetry,43,1000050043.jpg,Số đỏ,"(partial) thin dark book with a red ribbon, label N34",OK,High,,Literature (English & European),early 19th c.,,,"Dark cherry bookcase, upper shelf. Several library call-number labels.",
B-B1-10,B,B1,10,"(partial) thin dark book with a red ribbon, label N34",,,?,?,43,1000050043.jpg,Truyện Kiều,(shelf end),Partial,Low,Between Kiều and the end of the shelf.,Unidentified,,,,"Dark cherry bookcase, upper shelf. Several library call-number labels.",
K-AtoD-01,K,A to D,1,1984,George Orwell,Signet,EN,Fiction,44,1000050044.jpg,(shelf start),A History of Japan,OK,High,,Literature (English & European),1949,1949,,"Pine folding bookcase (natural wood, hinged sides). Top shelf of the left column.",
K-AtoD-02,K,A to D,2,A History of Japan,R. H. P. Mason & J. G. Caiger,Tuttle,EN,History,44,1000050044.jpg,1984,Anna Karenina,OK,High,,History & biography,1997,1997,,"Pine folding bookcase (natural wood, hinged sides). Top shelf of the left column.",
K-AtoD-03,K,A to D,3,Anna Karenina,Leo Tolstoy,Penguin Classics,EN,Fiction,44,1000050044.jpg,A History of Japan,Beloved,OK,High,,Literature (English & European),1878,1878,,"Pine folding bookcase (natural wood, hinged sides). Top shelf of the left column.",
K-AtoD-04,K,A to D,4,Beloved,Toni Morrison,Vintage,EN,Fiction,44,1000050044.jpg,Anna Karenina,Beowulf: A New Verse Translation,OK,High,"Second copy, see B1.",Literature (English & European),1987,1987,,"Pine folding bookcase (natural wood, hinged sides). Top shelf of the left column.",
K-AtoD-05,K,A to D,5,Beowulf: A New Verse Translation,Seamus Heaney,Norton,EN,Poetry,44,1000050044.jpg,Beloved,Bird by Bird,OK,High,,Literature (English & European),2000,2000,,"Pine folding bookcase (natural wood, hinged sides). Top shelf of the left column.",
K-AtoD-06,K,A to D,6,Bird by Bird,Anne Lamott,Anchor,EN,Writing craft,44,1000050044.jpg,Beowulf: A New Verse Translation,Moby-Dick,OK,High,,"Writing, film & literary craft",1994,1994,,"Pine folding bookcase (natural wood, hinged sides). Top shelf of the left column.",
K-AtoD-07,K,A to D,7,Moby-Dick,Herman Melville,Penguin Classics,EN,Fiction,44,1000050044.jpg,Bird by Bird,Call Me by Your Name,OK,High,Planted error for the sample: filed under A to D.,Literature (English & European),1851,1851,,"Pine folding bookcase (natural wood, hinged sides). Top shelf of the left column.",
K-AtoD-08,K,A to D,8,Call Me by Your Name,André Aciman,Picador,EN,Fiction,44,1000050044.jpg,Moby-Dick,Crime and Punishment,OK,High,,Literature (English & European),2007,2007,,"Pine folding bookcase (natural wood, hinged sides). Top shelf of the left column.",
K-AtoD-09,K,A to D,9,Crime and Punishment,Fyodor Dostoevsky,Vintage,EN,Fiction,44,1000050044.jpg,Call Me by Your Name,Dance Dance Dance,OK,High,,Literature (English & European),1866,1866,,"Pine folding bookcase (natural wood, hinged sides). Top shelf of the left column.",
K-AtoD-10,K,A to D,10,Dance Dance Dance,Haruki Murakami,Vintage,EN,Fiction,44,1000050044.jpg,Crime and Punishment,Death in Venice,OK,High,,Japanese literature,1988,1988,,"Pine folding bookcase (natural wood, hinged sides). Top shelf of the left column.",
K-AtoD-11,K,A to D,11,Death in Venice,Thomas Mann,Ecco,EN,Fiction,44,1000050044.jpg,Dance Dance Dance,Dubliners,OK,High,,Literature (English & European),1912,1912,,"Pine folding bookcase (natural wood, hinged sides). Top shelf of the left column.",
K-AtoD-12,K,A to D,12,Dubliners,James Joyce,Penguin,EN,Fiction,44,1000050044.jpg,Death in Venice,(shelf end),OK,High,,Literature (English & European),1914,1914,,"Pine folding bookcase (natural wood, hinged sides). Top shelf of the left column.",
K-DtoI-01,K,D to I,1,Don Quixote,Miguel de Cervantes,Penguin Classics,EN,Fiction,45,1000050045.jpg,(shelf start),Ego Is the Enemy,OK,High,,Literature (English & European),1605,1605,,"Left column, second shelf. Sticky note 28.",
K-DtoI-02,K,D to I,2,Ego Is the Enemy,Ryan Holiday,Portfolio,EN,Self-help,45,1000050045.jpg,Don Quixote,Ethics,OK,High,,"Psychology, self-help & business",2016,2016,,"Left column, second shelf. Sticky note 28.",
K-DtoI-03,K,D to I,3,Ethics,Baruch Spinoza,Hackett,EN,Philosophy,45,1000050045.jpg,Ego Is the Enemy,Flowers for Algernon,OK,High,"Second copy, see A2.",Philosophy & political theory,1677,1677,,"Left column, second shelf. Sticky note 28.",
K-DtoI-04,K,D to I,4,Flowers for Algernon,Daniel Keyes,Harvest,EN,Fiction,45,1000050045.jpg,Ethics,Frankenstein,OK,High,,Literature (English & European),1966,1966,,"Left column, second shelf. Sticky note 28.",
K-DtoI-05,K,D to I,5,Frankenstein,Mary Shelley,Penguin Classics,EN,Fiction,45,1000050045.jpg,Flowers for Algernon,"(unreadable) tan cloth spine, faint text",OK,High,,Literature (English & European),1818,1818,,"Left column, second shelf. Sticky note 28.",
K-DtoI-06,K,D to I,6,"(unreadable) tan cloth spine, faint text",,,?,?,45,1000050045.jpg,Frankenstein,"Goodnight Punpun, Vol. 1",Unreadable,Low,Between Frankenstein and Punpun.,Unidentified,,,,"Left column, second shelf. Sticky note 28.",
K-DtoI-07,K,D to I,7,"Goodnight Punpun, Vol. 1",Inio Asano,Viz Signature,EN,Manga,45,1000050045.jpg,"(unreadable) tan cloth spine, faint text","Goodnight Punpun, Vol. 2",OK,High,,Manga & comics,2016,2016,,"Left column, second shelf. Sticky note 28.",
K-DtoI-08,K,D to I,8,"Goodnight Punpun, Vol. 2",Inio Asano,Viz Signature,EN,Manga,45,1000050045.jpg,"Goodnight Punpun, Vol. 1",Great Expectations,OK,High,,Manga & comics,2016,2016,,"Left column, second shelf. Sticky note 28.",
K-DtoI-09,K,D to I,9,Great Expectations,Charles Dickens,Penguin Classics,EN,Fiction,45,1000050045.jpg,"Goodnight Punpun, Vol. 2",Hamlet,OK,High,,Literature (English & European),1861,1861,,"Left column, second shelf. Sticky note 28.",
K-DtoI-10,K,D to I,10,Hamlet,William Shakespeare,Folger,EN,Drama,45,1000050045.jpg,Great Expectations,In the Blink of an Eye,OK,High,,Literature (English & European),1603,1603,,"Left column, second shelf. Sticky note 28.",
K-DtoI-11,K,D to I,11,In the Blink of an Eye,Walter Murch,Silman-James,EN,Film,45,1000050045.jpg,Hamlet,Infinite Jest,OK,High,,"Writing, film & literary craft",2001 (2nd ed.),2001,,"Left column, second shelf. Sticky note 28.",
K-DtoI-12,K,D to I,12,Infinite Jest,David Foster Wallace,Back Bay,EN,Fiction,45,1000050045.jpg,In the Blink of an Eye,(shelf end),OK,High,,Literature (English & European),1996,1996,,"Left column, second shelf. Sticky note 28.",
K-S-TheA-E-01,K,S / The A-E,1,Sein und Zeit,Martin Heidegger,Niemeyer,DE,Philosophy,46,1000050046.jpg,(shelf start),Snow Country,OK,High,"Second copy, see A2.",Philosophy & political theory,1927,1927,,"Floor-level shelf of the left column. The end of S and the start of the ""The"" block.",
K-S-TheA-E-02,K,S / The A-E,2,Snow Country,Yasunari Kawabata,Vintage,EN,Fiction,46,1000050046.jpg,Sein und Zeit,The Age of Innocence,OK,High,,Japanese literature,1948,1948,,"Floor-level shelf of the left column. The end of S and the start of the ""The"" block.",
K-S-TheA-E-03,K,S / The A-E,3,The Age of Innocence,Edith Wharton,Penguin,EN,Fiction,46,1000050046.jpg,Snow Country,The Art of War,OK,High,,Literature (English & European),1920,1920,,"Floor-level shelf of the left column. The end of S and the start of the ""The"" block.",
K-S-TheA-E-04,K,S / The A-E,4,The Art of War,Sun Tzu,Shambhala,EN,Philosophy,46,1000050046.jpg,The Age of Innocence,The Brothers Karamazov,OK,High,,Philosophy & political theory,5th c. BC,,,"Floor-level shelf of the left column. The end of S and the start of the ""The"" block.",
K-S-TheA-E-05,K,S / The A-E,5,The Brothers Karamazov,Fyodor Dostoevsky,FSG,EN,Fiction,46,1000050046.jpg,The Art of War,The Catcher in the Rye,OK,High,,Literature (English & European),1880,1880,,"Floor-level shelf of the left column. The end of S and the start of the ""The"" block.",
K-S-TheA-E-06,K,S / The A-E,6,The Catcher in the Rye,J. D. Salinger,"Little, Brown",EN,Fiction,46,1000050046.jpg,The Brothers Karamazov,The Elephant Vanishes,OK,High,,Literature (English & European),1951,1951,,"Floor-level shelf of the left column. The end of S and the start of the ""The"" block.",
K-S-TheA-E-07,K,S / The A-E,7,The Elephant Vanishes,Haruki Murakami,Vintage,EN,Fiction,46,1000050046.jpg,The Catcher in the Rye,The Epic of Gilgamesh,OK,High,,Japanese literature,1993,1993,,"Floor-level shelf of the left column. The end of S and the start of the ""The"" block.",
K-S-TheA-E-08,K,S / The A-E,8,The Epic of Gilgamesh,Andrew George (tr.),Penguin Classics,EN,Poetry,46,1000050046.jpg,The Elephant Vanishes,(shelf end),OK,High,,Literature (English & European),"c. 2100 BC, Penguin ed.",2100,,"Floor-level shelf of the left column. The end of S and the start of the ""The"" block.",
K-TheF-O-01,K,The F-O,1,The Great Gatsby,F. Scott Fitzgerald,Scribner,EN,Fiction,47,1000050047.jpg,(shelf start),The Hobbit,OK,High,,Literature (English & European),1925,1925,,Top shelf of the middle column. Medal ribbons hang at the right end.,
K-TheF-O-02,K,The F-O,2,The Hobbit,J. R. R. Tolkien,Houghton Mifflin,EN,Fiction,47,1000050047.jpg,The Great Gatsby,The Iliad,OK,High,,Literature (English & European),1937,1937,,Top shelf of the middle column. Medal ribbons hang at the right end.,
K-TheF-O-03,K,The F-O,3,The Iliad,Homer,Penguin Classics,EN,Poetry,47,1000050047.jpg,The Hobbit,The Left Hand of Darkness,OK,High,,Literature (English & European),8th c. BC,,,Top shelf of the middle column. Medal ribbons hang at the right end.,
K-TheF-O-04,K,The F-O,4,The Left Hand of Darkness,Ursula K. Le Guin,Ace,EN,Fiction,47,1000050047.jpg,The Iliad,The Metamorphosis,OK,High,,Literature (English & European),1969,1969,,Top shelf of the middle column. Medal ribbons hang at the right end.,
K-TheF-O-05,K,The F-O,5,The Metamorphosis,Franz Kafka,Bantam,EN,Fiction,47,1000050047.jpg,The Left Hand of Darkness,The Odyssey,OK,High,,Literature (English & European),1915,1915,,Top shelf of the middle column. Medal ribbons hang at the right end.,
K-TheF-O-06,K,The F-O,6,The Odyssey,Homer,Penguin Classics,EN,Poetry,47,1000050047.jpg,The Metamorphosis,(not a book) medal ribbons hanging at the right end,OK,High,,Literature (English & European),8th c. BC,,,Top shelf of the middle column. Medal ribbons hang at the right end.,
K-TheF-O-07,K,The F-O,7,(not a book) medal ribbons hanging at the right end,,,,Other,47,1000050047.jpg,The Odyssey,(shelf end),Not a book,High,,Games & other objects,,,,Top shelf of the middle column. Medal ribbons hang at the right end.,
K-T-W-01,K,T-W,1,The Wind-Up Bird Chronicle,Haruki Murakami,Vintage,EN,Fiction,48,1000050048.jpg,(shelf start),Tristram Shandy,OK,High,,Japanese literature,1994,1994,,"Middle column, third shelf. Sticky note 26.",
K-T-W-02,K,T-W,2,Tristram Shandy,Laurence Sterne,Penguin Classics,EN,Fiction,48,1000050048.jpg,The Wind-Up Bird Chronicle,The Trial,OK,High,,Literature (English & European),1759,1759,,"Middle column, third shelf. Sticky note 26.",
K-T-W-03,K,T-W,3,The Trial,Franz Kafka,Schocken,EN,Fiction,48,1000050048.jpg,Tristram Shandy,Ulysses,OK,High,"Planted error for the sample: filed under T instead of in the ""The"" block.",Literature (English & European),1925,1925,,"Middle column, third shelf. Sticky note 26.",
K-T-W-04,K,T-W,4,Ulysses,James Joyce,Vintage,EN,Fiction,48,1000050048.jpg,The Trial,War and Peace,OK,High,,Literature (English & European),1922,1922,,"Middle column, third shelf. Sticky note 26.",
K-T-W-05,K,T-W,5,War and Peace,Leo Tolstoy,Vintage,EN,Fiction,48,1000050048.jpg,Ulysses,Watchmen,OK,High,,Literature (English & European),1869,1869,,"Middle column, third shelf. Sticky note 26.",
K-T-W-06,K,T-W,6,Watchmen,Alan Moore & Dave Gibbons,DC,EN,Comics,48,1000050048.jpg,War and Peace,Wind/Pinball,OK,High,,Manga & comics,1987,1987,,"Middle column, third shelf. Sticky note 26.",
K-T-W-07,K,T-W,7,Wind/Pinball,Haruki Murakami,Vintage,EN,Fiction,48,1000050048.jpg,Watchmen,(shelf end),OK,High,,Japanese literature,2015,2015,,"Middle column, third shelf. Sticky note 26.",
K-HC1-16-01,K,HC 1-16,1,"Harvard Classics, Vol. 1: Franklin, Woolman, Penn",ed. Charles W. Eliot,P. F. Collier & Son,EN,Anthology,49,1000050049.jpg,(shelf start),"Harvard Classics, Vol. 2: Plato, Epictetus, Marcus Aurelius",OK,High,,Literature (English & European),1909,1909,,"Harvard Classics, first shelf, stacked under T-W.",
K-HC1-16-02,K,HC 1-16,2,"Harvard Classics, Vol. 2: Plato, Epictetus, Marcus Aurelius",ed. Charles W. Eliot,P. F. Collier & Son,EN,Anthology,49,1000050049.jpg,"Harvard Classics, Vol. 1: Franklin, Woolman, Penn","Harvard Classics, Vol. 3: Bacon, Milton's Prose, Thomas Browne",OK,High,,Literature (English & European),1909,1909,,"Harvard Classics, first shelf, stacked under T-W.",
K-HC1-16-03,K,HC 1-16,3,"Harvard Classics, Vol. 3: Bacon, Milton's Prose, Thomas Browne",ed. Charles W. Eliot,P. F. Collier & Son,EN,Anthology,49,1000050049.jpg,"Harvard Classics, Vol. 2: Plato, Epictetus, Marcus Aurelius","Harvard Classics, Vol. 4: Complete Poems in English, Milton",OK,High,,Literature (English & European),1909,1909,,"Harvard Classics, first shelf, stacked under T-W.",
K-HC1-16-04,K,HC 1-16,4,"Harvard Classics, Vol. 4: Complete Poems in English, Milton",ed. Charles W. Eliot,P. F. Collier & Son,EN,Anthology,49,1000050049.jpg,"Harvard Classics, Vol. 3: Bacon, Milton's Prose, Thomas Browne","Harvard Classics, Vol. 5: Essays and English Traits, Emerson",OK,High,,Literature (English & European),1909,1909,,"Harvard Classics, first shelf, stacked under T-W.",
K-HC1-16-05,K,HC 1-16,5,"Harvard Classics, Vol. 5: Essays and English Traits, Emerson",ed. Charles W. Eliot,P. F. Collier & Son,EN,Anthology,49,1000050049.jpg,"Harvard Classics, Vol. 4: Complete Poems in English, Milton","Harvard Classics, Vol. 6: Poems and Songs, Burns",OK,High,,Literature (English & European),1909,1909,,"Harvard Classics, first shelf, stacked under T-W.",
K-HC1-16-06,K,HC 1-16,6,"Harvard Classics, Vol. 6: Poems and Songs, Burns",ed. Charles W. Eliot,P. F. Collier & Son,EN,Anthology,49,1000050049.jpg,"Harvard Classics, Vol. 5: Essays and English Traits, Emerson","Harvard Classics, Vol. 7: Confessions of St. Augustine, Imitation of Christ",OK,High,,Literature (English & European),1909,1909,,"Harvard Classics, first shelf, stacked under T-W.",
K-HC1-16-07,K,HC 1-16,7,"Harvard Classics, Vol. 7: Confessions of St. Augustine, Imitation of Christ",ed. Charles W. Eliot,P. F. Collier & Son,EN,Anthology,49,1000050049.jpg,"Harvard Classics, Vol. 6: Poems and Songs, Burns","Harvard Classics, Vol. 8: Nine Greek Dramas",OK,High,,Literature (English & European),1909,1909,,"Harvard Classics, first shelf, stacked under T-W.",
K-HC1-16-08,K,HC 1-16,8,"Harvard Classics, Vol. 8: Nine Greek Dramas",ed. Charles W. Eliot,P. F. Collier & Son,EN,Anthology,49,1000050049.jpg,"Harvard Classics, Vol. 7: Confessions of St. Augustine, Imitation of Christ","Harvard Classics, Vol. 9: Letters and Treatises of Cicero and Pliny",OK,High,,Literature (English & European),1909,1909,,"Harvard Classics, first shelf, stacked under T-W.",
K-HC1-16-09,K,HC 1-16,9,"Harvard Classics, Vol. 9: Letters and Treatises of Cicero and Pliny",ed. Charles W. Eliot,P. F. Collier & Son,EN,Anthology,49,1000050049.jpg,"Harvard Classics, Vol. 8: Nine Greek Dramas","Harvard Classics, Vol. 10: Wealth of Nations, Adam Smith",OK,High,,Literature (English & European),1909,1909,,"Harvard Classics, first shelf, stacked under T-W.",
K-HC1-16-10,K,HC 1-16,10,"Harvard Classics, Vol. 10: Wealth of Nations, Adam Smith",ed. Charles W. Eliot,P. F. Collier & Son,EN,Anthology,49,1000050049.jpg,"Harvard Classics, Vol. 9: Letters and Treatises of Cicero and Pliny","Harvard Classics, Vol. 11: Origin of Species, Darwin",OK,High,,Literature (English & European),1909,1909,,"Harvard Classics, first shelf, stacked under T-W.",
K-HC1-16-11,K,HC 1-16,11,"Harvard Classics, Vol. 11: Origin of Species, Darwin",ed. Charles W. Eliot,P. F. Collier & Son,EN,Anthology,49,1000050049.jpg,"Harvard Classics, Vol. 10: Wealth of Nations, Adam Smith","Harvard Classics, Vol. 12: Plutarch's Lives",OK,High,,Literature (English & European),1909,1909,,"Harvard Classics, first shelf, stacked under T-W.",
K-HC1-16-12,K,HC 1-16,12,"Harvard Classics, Vol. 12: Plutarch's Lives",ed. Charles W. Eliot,P. F. Collier & Son,EN,Anthology,49,1000050049.jpg,"Harvard Classics, Vol. 11: Origin of Species, Darwin","Harvard Classics, Vol. 13: Aeneid, Virgil",OK,High,,Literature (English & European),1909,1909,,"Harvard Classics, first shelf, stacked under T-W.",
K-HC1-16-13,K,HC 1-16,13,"Harvard Classics, Vol. 13: Aeneid, Virgil",ed. Charles W. Eliot,P. F. Collier & Son,EN,Anthology,49,1000050049.jpg,"Harvard Classics, Vol. 12: Plutarch's Lives","Harvard Classics, Vol. 14: Don Quixote Part 1, Cervantes",OK,High,,Literature (English & European),1909,1909,,"Harvard Classics, first shelf, stacked under T-W.",
K-HC1-16-14,K,HC 1-16,14,"Harvard Classics, Vol. 14: Don Quixote Part 1, Cervantes",ed. Charles W. Eliot,P. F. Collier & Son,EN,Anthology,49,1000050049.jpg,"Harvard Classics, Vol. 13: Aeneid, Virgil","Harvard Classics, Vol. 15: Pilgrim's Progress, Bunyan, Herbert, Walton, Donne",OK,High,,Literature (English & European),1909,1909,,"Harvard Classics, first shelf, stacked under T-W.",
K-HC1-16-15,K,HC 1-16,15,"Harvard Classics, Vol. 15: Pilgrim's Progress, Bunyan, Herbert, Walton, Donne",ed. Charles W. Eliot,P. F. Collier & Son,EN,Anthology,49,1000050049.jpg,"Harvard Classics, Vol. 14: Don Quixote Part 1, Cervantes","Harvard Classics, Vol. 16: The Thousand and One Nights",OK,High,,Literature (English & European),1909,1909,,"Harvard Classics, first shelf, stacked under T-W.",
K-HC1-16-16,K,HC 1-16,16,"Harvard Classics, Vol. 16: The Thousand and One Nights",ed. Charles W. Eliot,P. F. Collier & Son,EN,Anthology,49,1000050049.jpg,"Harvard Classics, Vol. 15: Pilgrim's Progress, Bunyan, Herbert, Walton, Donne",(shelf end),OK,High,,Literature (English & European),1909,1909,,"Harvard Classics, first shelf, stacked under T-W.",
K-HC17-34-01,K,HC 17-34,1,"Harvard Classics, Vol. 17: Folk-Lore and Fable: Aesop, Grimm, Andersen",ed. Charles W. Eliot,P. F. Collier & Son,EN,Anthology,50,1000050050.jpg,(shelf start),"Harvard Classics, Vol. 18: Modern English Drama",OK,High,,Literature (English & European),1909,1909,,"Harvard Classics, second shelf.",
K-HC17-34-02,K,HC 17-34,2,"Harvard Classics, Vol. 18: Modern English Drama",ed. Charles W. Eliot,P. F. Collier & Son,EN,Anthology,50,1000050050.jpg,"Harvard Classics, Vol. 17: Folk-Lore and Fable: Aesop, Grimm, Andersen","Harvard Classics, Vol. 19: Faust, Egmont etc., Goethe; Doctor Faustus, Marlowe",OK,High,,Literature (English & European),1909,1909,,"Harvard Classics, second shelf.",
K-HC17-34-03,K,HC 17-34,3,"Harvard Classics, Vol. 19: Faust, Egmont etc., Goethe; Doctor Faustus, Marlowe",ed. Charles W. Eliot,P. F. Collier & Son,EN,Anthology,50,1000050050.jpg,"Harvard Classics, Vol. 18: Modern English Drama","Harvard Classics, Vol. 20: The Divine Comedy, Dante",OK,High,,Literature (English & European),1909,1909,,"Harvard Classics, second shelf.",
K-HC17-34-04,K,HC 17-34,4,"Harvard Classics, Vol. 20: The Divine Comedy, Dante",ed. Charles W. Eliot,P. F. Collier & Son,EN,Anthology,50,1000050050.jpg,"Harvard Classics, Vol. 19: Faust, Egmont etc., Goethe; Doctor Faustus, Marlowe","Harvard Classics, Vol. 21: I Promessi Sposi, Manzoni",OK,High,,Literature (English & European),1909,1909,,"Harvard Classics, second shelf.",
K-HC17-34-05,K,HC 17-34,5,"Harvard Classics, Vol. 21: I Promessi Sposi, Manzoni",ed. Charles W. Eliot,P. F. Collier & Son,EN,Anthology,50,1000050050.jpg,"Harvard Classics, Vol. 20: The Divine Comedy, Dante","Harvard Classics, Vol. 22: The Odyssey, Homer",OK,High,,Literature (English & European),1909,1909,,"Harvard Classics, second shelf.",
K-HC17-34-06,K,HC 17-34,6,"Harvard Classics, Vol. 22: The Odyssey, Homer",ed. Charles W. Eliot,P. F. Collier & Son,EN,Anthology,50,1000050050.jpg,"Harvard Classics, Vol. 21: I Promessi Sposi, Manzoni","Harvard Classics, Vol. 23: Two Years Before the Mast, Dana",OK,High,,Literature (English & European),1909,1909,,"Harvard Classics, second shelf.",
K-HC17-34-07,K,HC 17-34,7,"Harvard Classics, Vol. 23: Two Years Before the Mast, Dana",ed. Charles W. Eliot,P. F. Collier & Son,EN,Anthology,50,1000050050.jpg,"Harvard Classics, Vol. 22: The Odyssey, Homer","Harvard Classics, Vol. 24: On the Sublime, French Revolution etc., Burke",OK,High,,Literature (English & European),1909,1909,,"Harvard Classics, second shelf.",
K-HC17-34-08,K,HC 17-34,8,"Harvard Classics, Vol. 24: On the Sublime, French Revolution etc., Burke",ed. Charles W. Eliot,P. F. Collier & Son,EN,Anthology,50,1000050050.jpg,"Harvard Classics, Vol. 23: Two Years Before the Mast, Dana","Harvard Classics, Vol. 26: Continental Drama",OK,High,,Literature (English & European),1909,1909,,"Harvard Classics, second shelf.",
K-HC17-34-09,K,HC 17-34,9,"Harvard Classics, Vol. 26: Continental Drama",ed. Charles W. Eliot,P. F. Collier & Son,EN,Anthology,50,1000050050.jpg,"Harvard Classics, Vol. 24: On the Sublime, French Revolution etc., Burke","Harvard Classics, Vol. 27: English Essays, Sidney to Macaulay",OK,High,,Literature (English & European),1909,1909,,"Harvard Classics, second shelf.",
K-HC17-34-10,K,HC 17-34,10,"Harvard Classics, Vol. 27: English Essays, Sidney to Macaulay",ed. Charles W. Eliot,P. F. Collier & Son,EN,Anthology,50,1000050050.jpg,"Harvard Classics, Vol. 26: Continental Drama","Harvard Classics, Vol. 28: Essays, English and American",OK,High,,Literature (English & European),1909,1909,,"Harvard Classics, second shelf.",
K-HC17-34-11,K,HC 17-34,11,"Harvard Classics, Vol. 28: Essays, English and American",ed. Charles W. Eliot,P. F. Collier & Son,EN,Anthology,50,1000050050.jpg,"Harvard Classics, Vol. 27: English Essays, Sidney to Macaulay","Harvard Classics, Vol. 30: Faraday, Helmholtz, Kelvin, Newcomb etc.",OK,High,,Literature (English & European),1909,1909,,"Harvard Classics, second shelf.",
K-HC17-34-12,K,HC 17-34,12,"Harvard Classics, Vol. 30: Faraday, Helmholtz, Kelvin, Newcomb etc.",ed. Charles W. Eliot,P. F. Collier & Son,EN,Anthology,50,1000050050.jpg,"Harvard Classics, Vol. 28: Essays, English and American","Harvard Classics, Vol. 29: Voyage of the Beagle, Darwin",OK,High,,Literature (English & European),1909,1909,,"Harvard Classics, second shelf.",
K-HC17-34-13,K,HC 17-34,13,"Harvard Classics, Vol. 29: Voyage of the Beagle, Darwin",ed. Charles W. Eliot,P. F. Collier & Son,EN,Anthology,50,1000050050.jpg,"Harvard Classics, Vol. 30: Faraday, Helmholtz, Kelvin, Newcomb etc.","Harvard Classics, Vol. 31: Autobiography, Benvenuto Cellini",OK,High,,Literature (English & European),1909,1909,,"Harvard Classics, second shelf.",
K-HC17-34-14,K,HC 17-34,14,"Harvard Classics, Vol. 31: Autobiography, Benvenuto Cellini",ed. Charles W. Eliot,P. F. Collier & Son,EN,Anthology,50,1000050050.jpg,"Harvard Classics, Vol. 29: Voyage of the Beagle, Darwin","Harvard Classics, Vol. 32: Literary and Philosophical Essays: Montaigne, Sainte-Beuve, Renan etc.",OK,High,,Literature (English & European),1909,1909,,"Harvard Classics, second shelf.",
K-HC17-34-15,K,HC 17-34,15,"Harvard Classics, Vol. 32: Literary and Philosophical Essays: Montaigne, Sainte-Beuve, Renan etc.",ed. Charles W. Eliot,P. F. Collier & Son,EN,Anthology,50,1000050050.jpg,"Harvard Classics, Vol. 31: Autobiography, Benvenuto Cellini","Harvard Classics, Vol. 33: Voyages and Travels",OK,High,,Literature (English & European),1909,1909,,"Harvard Classics, second shelf.",
K-HC17-34-16,K,HC 17-34,16,"Harvard Classics, Vol. 33: Voyages and Travels",ed. Charles W. Eliot,P. F. Collier & Son,EN,Anthology,50,1000050050.jpg,"Harvard Classics, Vol. 32: Literary and Philosophical Essays: Montaigne, Sainte-Beuve, Renan etc.","Harvard Classics, Vol. 34: French and English Philosophers: Descartes, Voltaire, Rousseau, Hobbes",OK,High,,Literature (English & European),1909,1909,,"Harvard Classics, second shelf.",
K-HC17-34-17,K,HC 17-34,17,"Harvard Classics, Vol. 34: French and English Philosophers: Descartes, Voltaire, Rousseau, Hobbes",ed. Charles W. Eliot,P. F. Collier & Son,EN,Anthology,50,1000050050.jpg,"Harvard Classics, Vol. 33: Voyages and Travels",(shelf end),OK,High,,Literature (English & European),1909,1909,,"Harvard Classics, second shelf.",
K-HC35-51-01,K,HC 35-51,1,"Harvard Classics, Vol. 35: Chronicle and Romance: Froissart, Malory, Holinshed",ed. Charles W. Eliot,P. F. Collier & Son,EN,Anthology,51,1000050051.jpg,(shelf start),"Harvard Classics, Vol. 36: Machiavelli, More, Luther",OK,High,,Literature (English & European),1909,1909,,"Harvard Classics, third shelf, at carpet level.",
K-HC35-51-02,K,HC 35-51,2,"Harvard Classics, Vol. 36: Machiavelli, More, Luther",ed. Charles W. Eliot,P. F. Collier & Son,EN,Anthology,51,1000050051.jpg,"Harvard Classics, Vol. 35: Chronicle and Romance: Froissart, Malory, Holinshed","Harvard Classics, Vol. 37: Locke, Berkeley, Hume",OK,High,,Literature (English & European),1909,1909,,"Harvard Classics, third shelf, at carpet level.",
K-HC35-51-03,K,HC 35-51,3,"Harvard Classics, Vol. 37: Locke, Berkeley, Hume",ed. Charles W. Eliot,P. F. Collier & Son,EN,Anthology,51,1000050051.jpg,"Harvard Classics, Vol. 36: Machiavelli, More, Luther","Harvard Classics, Vol. 38: Harvey, Jenner, Lister, Pasteur",OK,High,,Literature (English & European),1909,1909,,"Harvard Classics, third shelf, at carpet level.",
K-HC35-51-04,K,HC 35-51,4,"Harvard Classics, Vol. 38: Harvey, Jenner, Lister, Pasteur",ed. Charles W. Eliot,P. F. Collier & Son,EN,Anthology,51,1000050051.jpg,"Harvard Classics, Vol. 37: Locke, Berkeley, Hume","Harvard Classics, Vol. 39: Famous Prefaces",OK,High,,Literature (English & European),1909,1909,,"Harvard Classics, third shelf, at carpet level.",
K-HC35-51-05,K,HC 35-51,5,"Harvard Classics, Vol. 39: Famous Prefaces",ed. Charles W. Eliot,P. F. Collier & Son,EN,Anthology,51,1000050051.jpg,"Harvard Classics, Vol. 38: Harvey, Jenner, Lister, Pasteur","Harvard Classics, Vol. 40: English Poetry 1: Chaucer to Gray",OK,High,,Literature (English & European),1909,1909,,"Harvard Classics, third shelf, at carpet level.",
K-HC35-51-06,K,HC 35-51,6,"Harvard Classics, Vol. 40: English Poetry 1: Chaucer to Gray",ed. Charles W. Eliot,P. F. Collier & Son,EN,Anthology,51,1000050051.jpg,"Harvard Classics, Vol. 39: Famous Prefaces","Harvard Classics, Vol. 41: English Poetry 2: Collins to Fitzgerald",OK,High,,Literature (English & European),1909,1909,,"Harvard Classics, third shelf, at carpet level.",
K-HC35-51-07,K,HC 35-51,7,"Harvard Classics, Vol. 41: English Poetry 2: Collins to Fitzgerald",ed. Charles W. Eliot,P. F. Collier & Son,EN,Anthology,51,1000050051.jpg,"Harvard Classics, Vol. 40: English Poetry 1: Chaucer to Gray","Harvard Classics, Vol. 42: English Poetry 3: Tennyson to Whitman",OK,High,,Literature (English & European),1909,1909,,"Harvard Classics, third shelf, at carpet level.",
K-HC35-51-08,K,HC 35-51,8,"Harvard Classics, Vol. 42: English Poetry 3: Tennyson to Whitman",ed. Charles W. Eliot,P. F. Collier & Son,EN,Anthology,51,1000050051.jpg,"Harvard Classics, Vol. 41: English Poetry 2: Collins to Fitzgerald","Harvard Classics, Vol. 43: American Historical Documents",OK,High,,Literature (English & European),1909,1909,,"Harvard Classics, third shelf, at carpet level.",
K-HC35-51-09,K,HC 35-51,9,"Harvard Classics, Vol. 43: American Historical Documents",ed. Charles W. Eliot,P. F. Collier & Son,EN,Anthology,51,1000050051.jpg,"Harvard Classics, Vol. 42: English Poetry 3: Tennyson to Whitman","Harvard Classics, Vol. 44: Sacred Writings 1",OK,High,,Literature (English & European),1909,1909,,"Harvard Classics, third shelf, at carpet level.",
K-HC35-51-10,K,HC 35-51,10,"Harvard Classics, Vol. 44: Sacred Writings 1",ed. Charles W. Eliot,P. F. Collier & Son,EN,Anthology,51,1000050051.jpg,"Harvard Classics, Vol. 43: American Historical Documents","Harvard Classics, Vol. 45: Sacred Writings 2",OK,High,,Literature (English & European),1909,1909,,"Harvard Classics, third shelf, at carpet level.",
K-HC35-51-11,K,HC 35-51,11,"Harvard Classics, Vol. 45: Sacred Writings 2",ed. Charles W. Eliot,P. F. Collier & Son,EN,Anthology,51,1000050051.jpg,"Harvard Classics, Vol. 44: Sacred Writings 1","Harvard Classics, Vol. 46: Elizabethan Drama 1",OK,High,,Literature (English & European),1909,1909,,"Harvard Classics, third shelf, at carpet level.",
K-HC35-51-12,K,HC 35-51,12,"Harvard Classics, Vol. 46: Elizabethan Drama 1",ed. Charles W. Eliot,P. F. Collier & Son,EN,Anthology,51,1000050051.jpg,"Harvard Classics, Vol. 45: Sacred Writings 2","Harvard Classics, Vol. 47: Elizabethan Drama 2",OK,High,,Literature (English & European),1909,1909,,"Harvard Classics, third shelf, at carpet level.",
K-HC35-51-13,K,HC 35-51,13,"Harvard Classics, Vol. 47: Elizabethan Drama 2",ed. Charles W. Eliot,P. F. Collier & Son,EN,Anthology,51,1000050051.jpg,"Harvard Classics, Vol. 46: Elizabethan Drama 1","Harvard Classics, Vol. 48: Thoughts and Minor Works, Pascal",OK,High,,Literature (English & European),1909,1909,,"Harvard Classics, third shelf, at carpet level.",
K-HC35-51-14,K,HC 35-51,14,"Harvard Classics, Vol. 48: Thoughts and Minor Works, Pascal",ed. Charles W. Eliot,P. F. Collier & Son,EN,Anthology,51,1000050051.jpg,"Harvard Classics, Vol. 47: Elizabethan Drama 2","Harvard Classics, Vol. 49: Epic and Saga",OK,High,,Literature (English & European),1909,1909,,"Harvard Classics, third shelf, at carpet level.",
K-HC35-51-15,K,HC 35-51,15,"Harvard Classics, Vol. 49: Epic and Saga",ed. Charles W. Eliot,P. F. Collier & Son,EN,Anthology,51,1000050051.jpg,"Harvard Classics, Vol. 48: Thoughts and Minor Works, Pascal","Harvard Classics, Vol. 50: Introduction, Reader's Guide, Indexes",OK,High,,Literature (English & European),1909,1909,,"Harvard Classics, third shelf, at carpet level.",
K-HC35-51-16,K,HC 35-51,16,"Harvard Classics, Vol. 50: Introduction, Reader's Guide, Indexes",ed. Charles W. Eliot,P. F. Collier & Son,EN,Anthology,51,1000050051.jpg,"Harvard Classics, Vol. 49: Epic and Saga","Harvard Classics, Vol. 51: Lectures",OK,High,,Literature (English & European),1909,1909,,"Harvard Classics, third shelf, at carpet level.",
K-HC35-51-17,K,HC 35-51,17,"Harvard Classics, Vol. 51: Lectures",ed. Charles W. Eliot,P. F. Collier & Son,EN,Anthology,51,1000050051.jpg,"Harvard Classics, Vol. 50: Introduction, Reader's Guide, Indexes",(shelf end),OK,High,,Literature (English & European),1909,1909,,"Harvard Classics, third shelf, at carpet level.",
N-N1-01,N,N1 (Uffizi),1,The Uffizi: The Official Guide,Gloria Fossi,Giunti,EN,Art,52,1000050052.jpg,(shelf start),Le vite,OK,High,,Art & visual culture,2004,2004,,Black bookcase shelf. Italian art and literature.,
N-N1-02,N,N1 (Uffizi),2,Le vite,Giorgio Vasari,Einaudi,IT,Art,52,1000050052.jpg,The Uffizi: The Official Guide,La Divina Commedia,OK,High,,Art & visual culture,1550,1550,,Black bookcase shelf. Italian art and literature.,
N-N1-03,N,N1 (Uffizi),4,La Divina Commedia,Dante Alighieri,BUR,IT,Poetry,52,1000050052.jpg,Le vite,Confessioni di una maschera,OK,High,,Literature (English & European),14th c.,,,Black bookcase shelf. Italian art and literature.,
N-N1-04,N,N1 (Uffizi),5,Confessioni di una maschera,Yukio Mishima,Feltrinelli,IT,Fiction,52,1000050052.jpg,La Divina Commedia,Il piacere,OK,High,,Japanese literature,"1949, Italian ed.",1949,,Black bookcase shelf. Italian art and literature.,
N-N1-05,N,N1 (Uffizi),6,Il piacere,Gabriele D'Annunzio,Mondadori,IT,Fiction,52,1000050052.jpg,Confessioni di una maschera,Regulus (Le Petit Prince in Latin),OK,Medium,,Literature (English & European),1889,1889,,Black bookcase shelf. Italian art and literature.,
N-N1-06,N,N1 (Uffizi),7,Regulus (Le Petit Prince in Latin),Antoine de Saint-Exupéry,Harcourt,LA,Fiction,52,1000050052.jpg,Il piacere,(not a book) Uffizi exhibition CD,OK,High,,Literature (English & European),1943,1943,,Black bookcase shelf. Italian art and literature.,
N-N1-07,N,N1 (Uffizi),8,(not a book) Uffizi exhibition CD,,,,Media,52,1000050052.jpg,Regulus (Le Petit Prince in Latin),(shelf end),Not a book,High,,Games & other objects,,,,Black bookcase shelf. Italian art and literature.,
N-N4-01,N,"N4 (バガボンド, くず)",1,バガボンド 1,井上雄彦,講談社 モーニングKC,JA,Manga,53,1000050053.jpg,(shelf start),バガボンド 2,OK,High,,Manga & comics,1999,1999,,"Black bookcase shelf, seinen manga.",
N-N4-02,N,"N4 (バガボンド, くず)",2,バガボンド 2,井上雄彦,講談社 モーニングKC,JA,Manga,53,1000050053.jpg,バガボンド 1,バガボンド 3,OK,High,,Manga & comics,1999,1999,,"Black bookcase shelf, seinen manga.",
N-N4-03,N,"N4 (バガボンド, くず)",3,バガボンド 3,井上雄彦,講談社 モーニングKC,JA,Manga,53,1000050053.jpg,バガボンド 2,弁護士のくず 1,OK,High,,Manga & comics,1999,1999,,"Black bookcase shelf, seinen manga.",
N-N4-04,N,"N4 (バガボンド, くず)",4,弁護士のくず 1,井浦秀夫,小学館 ビッグコミックス,JA,Manga,53,1000050053.jpg,バガボンド 3,弁護士のくず 2,OK,High,,Manga & comics,2003,2003,,"Black bookcase shelf, seinen manga.",
N-N4-05,N,"N4 (バガボンド, くず)",5,弁護士のくず 2,井浦秀夫,小学館 ビッグコミックス,JA,Manga,53,1000050053.jpg,弁護士のくず 1,"(partial) manga volume with a torn spine, series unclear",OK,High,,Manga & comics,2003,2003,,"Black bookcase shelf, seinen manga.",
N-N4-06,N,"N4 (バガボンド, くず)",6,"(partial) manga volume with a torn spine, series unclear",,,JA,Manga,53,1000050053.jpg,弁護士のくず 2,攻殻機動隊,Partial,Low,,Manga & comics,,,,"Black bookcase shelf, seinen manga.",
N-N4-07,N,"N4 (バガボンド, くず)",7,攻殻機動隊,士郎正宗,講談社,JA,Manga,53,1000050053.jpg,"(partial) manga volume with a torn spine, series unclear",こころ,OK,High,,Manga & comics,1991,1991,,"Black bookcase shelf, seinen manga.",
N-N4-08,N,"N4 (バガボンド, くず)",8,こころ,夏目漱石,新潮文庫,JA,Fiction,53,1000050053.jpg,攻殻機動隊,(shelf end),OK,High,,Japanese literature,1914,1914,,"Black bookcase shelf, seinen manga.",
K-JP-1-01,K,"JP-1 (Jump, Mill)",1,人間失格,太宰治,新潮文庫,JA,Fiction,54,1000050054.jpg,(shelf start),斜陽,OK,High,,Japanese literature,1948,1948,"Dazai's last completed novel, a confession in three notebooks.",Pine shelf with Japanese literature and two 2023 Jump issues.,
K-JP-1-02,K,"JP-1 (Jump, Mill)",2,斜陽,太宰治,新潮文庫,JA,Fiction,54,1000050054.jpg,人間失格,堕落論,OK,High,,Japanese literature,1947,1947,,Pine shelf with Japanese literature and two 2023 Jump issues.,
K-JP-1-03,K,"JP-1 (Jump, Mill)",3,堕落論,坂口安吾,新潮文庫,JA,Essays,54,1000050054.jpg,斜陽,山羊の歌,OK,High,Darakuron (On Decadence).,Japanese literature,1946,1946,,Pine shelf with Japanese literature and two 2023 Jump issues.,
K-JP-1-04,K,"JP-1 (Jump, Mill)",4,山羊の歌,中原中也,角川文庫,JA,Poetry,54,1000050054.jpg,堕落論,雪国,OK,High,,Japanese literature,1934,1934,,Pine shelf with Japanese literature and two 2023 Jump issues.,
K-JP-1-05,K,"JP-1 (Jump, Mill)",5,雪国,川端康成,新潮文庫,JA,Fiction,54,1000050054.jpg,山羊の歌,古今和歌集,OK,High,,Japanese literature,1948,1948,,Pine shelf with Japanese literature and two 2023 Jump issues.,
K-JP-1-06,K,"JP-1 (Jump, Mill)",6,古今和歌集,,岩波文庫,JA,Poetry,54,1000050054.jpg,雪国,週刊少年ジャンプ 2023 No. 30,OK,High,,Japanese literature,"905, Iwanami",,,Pine shelf with Japanese literature and two 2023 Jump issues.,
K-JP-1-07,K,"JP-1 (Jump, Mill)",7,週刊少年ジャンプ 2023 No. 30,,集英社,JA,Magazine,54,1000050054.jpg,古今和歌集,週刊少年ジャンプ 2023 (issue number hidden),OK,High,,Magazines & catalogues,2023,2023,,Pine shelf with Japanese literature and two 2023 Jump issues.,
K-JP-1-08,K,"JP-1 (Jump, Mill)",8,週刊少年ジャンプ 2023 (issue number hidden),,集英社,JA,Magazine,54,1000050054.jpg,週刊少年ジャンプ 2023 No. 30,J・S・ミル 自由を探求した思想家,Partial,Medium,,Magazines & catalogues,2023,2023,,Pine shelf with Japanese literature and two 2023 Jump issues.,
K-JP-1-09,K,"JP-1 (Jump, Mill)",9,J・S・ミル 自由を探求した思想家,,中公新書,JA,Philosophy,54,1000050054.jpg,週刊少年ジャンプ 2023 (issue number hidden),基礎解析学,OK,High,,Philosophy & political theory,2000s,2000,,Pine shelf with Japanese literature and two 2023 Jump issues.,
K-JP-1-10,K,"JP-1 (Jump, Mill)",10,基礎解析学,,裳華房,JA,Textbook,54,1000050054.jpg,J・S・ミル 自由を探求した思想家,(unreadable) book sealed in brown paper wrapping,OK,Medium,,"Math, CS & engineering",,,,Pine shelf with Japanese literature and two 2023 Jump issues.,
K-JP-1-11,K,"JP-1 (Jump, Mill)",11,(unreadable) book sealed in brown paper wrapping,,,?,?,54,1000050054.jpg,基礎解析学,(shelf end),Unreadable,Low,,Unidentified,,,,Pine shelf with Japanese literature and two 2023 Jump issues.,
Loose-Floor-01,Loose,Floor,1,Die Verwandlung,Franz Kafka,Reclam,DE,Fiction,55,1000050055.jpg,(shelf start),Kokoro,OK,High,,Literature (English & European),1915,1915,,Items photographed on the carpet.,
Loose-Floor-02,Loose,Floor,2,Kokoro,Natsume Sōseki,Penguin Classics,EN,Fiction,55,1000050055.jpg,Die Verwandlung,(not a book) spiral notebook with a plaid cover,OK,High,,Japanese literature,1914,1914,,Items photographed on the carpet.,
Loose-Floor-03,Loose,Floor,3,(not a book) spiral notebook with a plaid cover,,,,Other,55,1000050055.jpg,Kokoro,(shelf end),Not a book,High,,Games & other objects,,,,Items photographed on the carpet.,
